epoch,step,train/acc_step,train/loss_step
0,4,0.890625,0.4937114715576172
0,9,0.984375,0.2565397620201111
0,14,0.984375,0.17573130130767822
